time,_x_1,_x_2
0.0,4.917231609202307,2.966548017064922
0.1,4.402915979682145,3.1504941615141084
0.5,3.0089708064185534,2.6424471260419136
0.6,2.542737001282453,2.351142621742326
0.8,2.710940339654507,1.7665864717498871
1.0,2.778924654228244,1.3841629781146498
1.4000000000000001,3.8397859822704086,1.1274160592580373
1.6,4.837192060771614,1.2092385031363673
2.0,5.8580742155931,2.0868680809260978
